dataset,scope,blocks,heldout_ratio,archive_saving_percent,updates,update_calls,update_seconds
OpenSSH,complete file,7,110.97201514445231,0.0,0,0,0
Android,complete file,16,34.732470777330235,0.0,1,3,51.65648740530014
BGL,first 10 blocks,10,36.41547275652661,0.0,1,7,52.7527144998312
HPC,complete file,5,44.05692655057493,0.0,1,3,31.84206458926201
Hadoop,complete file,4,104.08191451994513,0.0,1,4,57.777132749557495
HealthApp,complete file,3,37.18424942989699,0.0,1,5,36.57896827161312
Windows,first 10 blocks,10,597.1474356712687,0.0,1,4,47.798878729343414
Spark,first 10 blocks,10,55.7133842351461,0.0,1,17,86.544951826334
HDFS,first 10 blocks,10,28.07514589607182,0.0,1,3,30.284617945551872
