dataset,original_block,raw_bytes,frozen_archive_bytes,evolving_archive_bytes,eligible_groups,plan_version,update_calls_total
OpenSSH,1,10952102,90699,90699,3,0,0
OpenSSH,2,11031973,99515,99515,5,0,0
OpenSSH,3,11652697,98211,98211,6,0,0
OpenSSH,4,11160668,92195,92195,6,0,0
OpenSSH,5,11429937,118779,118779,6,0,0
OpenSSH,6,6144888,62655,62655,6,0,0
Android,1,12994854,361035,361035,651,0,3
Android,2,13098245,386763,386763,766,0,3
Android,3,12016824,344355,344355,913,0,3
Android,4,12093143,361723,361723,994,0,3
Android,5,12469606,299307,299307,1085,0,3
Android,6,12539391,290691,290691,1164,0,3
Android,7,12426066,325591,325591,1218,0,3
Android,8,12727810,322427,322427,1318,0,3
Android,9,12671905,339315,339315,1427,0,3
Android,10,12375040,436663,436663,1521,0,3
Android,11,12322910,382443,382443,1604,0,3
Android,12,11734246,449871,449871,1696,0,3
Android,13,12178795,369255,369255,1765,0,3
Android,14,12525819,315191,315191,1811,0,3
Android,15,6261400,210395,210395,1835,0,3
BGL,1,13557744,464647,464647,36,0,7
BGL,2,13790417,364907,364907,42,0,7
BGL,3,14024617,322959,322959,48,0,7
BGL,4,13931703,338167,338167,48,0,7
BGL,5,14777527,353575,353575,49,0,7
BGL,6,14926838,356391,356391,50,0,7
BGL,7,14532928,356159,356159,50,0,7
BGL,8,14300649,495463,495463,65,0,7
BGL,9,14055964,459931,459931,66,0,7
HPC,1,5452330,144647,144647,76,0,3
HPC,2,5357239,209999,209999,76,0,3
HPC,3,8977220,120119,120119,84,0,3
HPC,4,4642953,79739,79739,89,0,3
Hadoop,1,9548627,66070,66070,132,0,4
Hadoop,2,9595107,60442,60442,135,0,4
Hadoop,3,12265898,175266,175266,162,0,4
HealthApp,1,9260166,231945,231945,92,0,5
HealthApp,2,4925997,149565,149565,95,0,5
Windows,1,24654403,35947,35947,17,0,4
Windows,2,24500779,45807,45807,22,0,4
Windows,3,24391494,38007,38007,22,0,4
Windows,4,24576375,34983,34983,22,0,4
Windows,5,24316704,52871,52871,22,0,4
Windows,6,24599049,35011,35011,22,0,4
Windows,7,24372416,47519,47519,22,0,4
Windows,8,24525436,32931,32931,22,0,4
Windows,9,24087691,45383,45383,22,0,4
Spark,1,12385422,267269,267269,130,0,17
Spark,2,10522661,156517,156517,131,0,17
Spark,3,10069345,174849,174849,135,0,17
Spark,4,10070491,181117,181117,139,0,17
Spark,5,10061285,179369,179369,140,0,17
Spark,6,10080840,184601,184601,141,0,17
Spark,7,10049010,180105,180105,144,0,17
Spark,8,10080262,175089,175089,144,0,17
Spark,9,10116765,178169,178169,144,0,17
HDFS,1,14107928,442472,442472,19,0,3
HDFS,2,14160311,441324,441324,19,0,3
HDFS,3,14158325,440832,440832,19,0,3
HDFS,4,14001698,533636,533636,23,0,3
HDFS,5,13615575,820484,820484,23,0,3
HDFS,6,14037698,511212,511212,25,0,3
HDFS,7,14200966,437568,437568,25,0,3
HDFS,8,14205641,444556,444556,26,0,3
HDFS,9,14190173,440032,440032,26,0,3
