dataset,raw_bytes,adaptive_ratio,fixed_ratio,archive_change_percent
Android,192270829,33.01127927727467,33.01127927727467,0.0
Apache,5135876,73.36336885409823,73.36336885409823,0.0
BGL,743185031,46.504317379586624,45.98946299042234,1.1195051120111987
Hadoop,48595595,80.48773196149489,80.36102071054842,0.1576775031303601
HDFS,1577982906,27.841047457185017,27.01472832236309,3.0587726996976317
HealthApp,23529930,59.52107274847529,59.52107274847529,0.0
HPC,33553503,44.738063650751535,44.738063650751535,0.0
Linux,2349686,39.31805023342983,39.31805023342983,0.0
Mac,16879552,50.60955550558429,50.60955550558429,0.0
OpenSSH,73417506,116.29151163509012,116.29151163509012,0.0
OpenStack,61442082,23.5319303763411,23.5318222258649,0.00045959244108217945
Proxifier,2541814,33.09438187617994,33.09438187617994,0.0
Spark,2941224304,62.70887576762677,62.498605341929164,0.336440188620557
Thunderbird,31788301041,66.15520412701675,65.99724891366647,0.23933605710884098
Windows,28012696901,584.5747007864601,573.7194314092801,1.8920867558058996
Zookeeper,10426438,172.08466883427684,172.08466883427684,0.0
