dataset,metric,variant,trial,original_MB_per_second
Linux,online_compression,adaptive,1,0.5259652226021557
Linux,online_compression,adaptive,2,0.5296427878022862
Linux,online_compression,adaptive,3,0.539503255381026
Proxifier,online_compression,adaptive,1,0.6581853292384253
Proxifier,online_compression,adaptive,2,0.6736463272844304
Proxifier,online_compression,adaptive,3,0.5998156300141706
Apache,online_compression,adaptive,1,0.6759571586695479
Apache,online_compression,adaptive,2,0.7379033483081449
Apache,online_compression,adaptive,3,0.7223026686040745
Zookeeper,online_compression,adaptive,1,0.883885834034324
Zookeeper,online_compression,adaptive,2,0.8844391226111991
Zookeeper,online_compression,adaptive,3,0.8702618295187419
Mac,online_compression,adaptive,1,1.2831667241779567
Mac,online_compression,adaptive,2,1.000419192370028
Mac,online_compression,adaptive,3,1.1455534632212436
HealthApp,online_compression,adaptive,1,1.4129433665085813
HealthApp,online_compression,adaptive,2,1.475561837211949
HealthApp,online_compression,adaptive,3,1.541527863248703
HPC,online_compression,adaptive,1,13.920159821760825
HPC,online_compression,adaptive,2,13.625216118584472
HPC,online_compression,adaptive,3,12.664573694947673
Hadoop,online_compression,adaptive,1,2.9910251712337894
Hadoop,online_compression,adaptive,2,2.9782469522227744
Hadoop,online_compression,adaptive,3,3.053900928112299
OpenStack,online_compression,adaptive,1,2.051791896370814
OpenStack,online_compression,adaptive,2,2.0511389646612948
OpenStack,online_compression,adaptive,3,2.094664993478854
OpenSSH,online_compression,adaptive,1,2.1037915241725837
OpenSSH,online_compression,adaptive,2,2.0559826871761295
OpenSSH,online_compression,adaptive,3,2.1324663611147634
Android,online_compression,adaptive,1,3.9729530856452095
Android,online_compression,adaptive,2,4.053444956177843
Android,online_compression,adaptive,3,3.909683810631485
BGL,online_compression,adaptive,1,3.120450862252034
BGL,online_compression,adaptive,2,3.13186736371126
BGL,online_compression,adaptive,3,3.118046111448004
Linux,online_compression,fixed,1,0.633654444013692
Linux,online_compression,fixed,2,0.6135273859018977
Linux,online_compression,fixed,3,0.5878616350153377
Proxifier,online_compression,fixed,1,0.7524820307970701
Proxifier,online_compression,fixed,2,0.7185827274989822
Proxifier,online_compression,fixed,3,0.7399541947226661
Apache,online_compression,fixed,1,0.6909935905279675
Apache,online_compression,fixed,2,0.7610226155769384
Apache,online_compression,fixed,3,0.6829096594666648
Zookeeper,online_compression,fixed,1,0.8637309813817561
Zookeeper,online_compression,fixed,2,1.0319493316818165
Zookeeper,online_compression,fixed,3,1.0404237854930543
Mac,online_compression,fixed,1,1.5152958508707561
Mac,online_compression,fixed,2,1.5306976110765316
Mac,online_compression,fixed,3,1.2953457016694765
HealthApp,online_compression,fixed,1,1.6252136402090065
HealthApp,online_compression,fixed,2,1.4990928402181052
HealthApp,online_compression,fixed,3,1.623637048789353
HPC,online_compression,fixed,1,10.42742883166979
HPC,online_compression,fixed,2,14.524251781759025
HPC,online_compression,fixed,3,13.923695815022292
Hadoop,online_compression,fixed,1,3.080067750723874
Hadoop,online_compression,fixed,2,3.211614613099809
Hadoop,online_compression,fixed,3,2.942442267573769
OpenStack,online_compression,fixed,1,2.1324007539855794
OpenStack,online_compression,fixed,2,2.127058761507377
OpenStack,online_compression,fixed,3,2.188751161275034
OpenSSH,online_compression,fixed,1,2.3092910253161953
OpenSSH,online_compression,fixed,2,2.2118225037205854
OpenSSH,online_compression,fixed,3,2.237665260169588
Android,online_compression,fixed,1,4.100243665363483
Android,online_compression,fixed,2,4.0792731953580015
Android,online_compression,fixed,3,4.228743110562012
BGL,online_compression,fixed,1,3.5199328714456466
BGL,online_compression,fixed,2,3.5683409411771967
BGL,online_compression,fixed,3,3.614242255897178
Linux,decode,adaptive,1,2.040004753356197
Linux,decode,adaptive,2,1.9246462015138972
Linux,decode,adaptive,3,1.8971787826820814
Proxifier,decode,adaptive,1,2.4120172752335223
Proxifier,decode,adaptive,2,2.57930670825761
Proxifier,decode,adaptive,3,2.5205225292637103
Apache,decode,adaptive,1,2.649394196069518
Apache,decode,adaptive,2,4.749098969004493
Apache,decode,adaptive,3,4.092572996367963
Zookeeper,decode,adaptive,1,3.4586630881823326
Zookeeper,decode,adaptive,2,3.197714434078039
Zookeeper,decode,adaptive,3,3.228213447455217
Mac,decode,adaptive,1,5.712543342157913
Mac,decode,adaptive,2,5.248420536238662
Mac,decode,adaptive,3,5.609113574928002
HealthApp,decode,adaptive,1,11.211725956916462
HealthApp,decode,adaptive,2,9.336658353408536
HealthApp,decode,adaptive,3,9.949143770982149
HPC,decode,adaptive,1,26.90101122501002
HPC,decode,adaptive,2,24.231402063258113
HPC,decode,adaptive,3,23.82148423193143
Hadoop,decode,adaptive,1,15.206528013101396
Hadoop,decode,adaptive,2,15.393001418224097
Hadoop,decode,adaptive,3,14.647348970556141
OpenStack,decode,adaptive,1,15.45314804389823
OpenStack,decode,adaptive,2,19.934295638437074
OpenStack,decode,adaptive,3,16.535000512133035
OpenSSH,decode,adaptive,1,11.980643398264956
OpenSSH,decode,adaptive,2,12.383725783461669
OpenSSH,decode,adaptive,3,12.960918773841824
Android,decode,adaptive,1,18.226334519516854
Android,decode,adaptive,2,18.870225100156645
Android,decode,adaptive,3,19.426713198250436
BGL,decode,adaptive,1,32.60628965202649
BGL,decode,adaptive,2,31.407677728866517
BGL,decode,adaptive,3,31.760732985815295
Linux,decode,fixed,1,2.449861019742273
Linux,decode,fixed,2,1.7853778391307846
Linux,decode,fixed,3,1.9236121180625474
Proxifier,decode,fixed,1,2.3708455507578248
Proxifier,decode,fixed,2,2.464562591917923
Proxifier,decode,fixed,3,3.3510138559164377
Apache,decode,fixed,1,3.9182241242669686
Apache,decode,fixed,2,4.09681586480242
Apache,decode,fixed,3,3.750332884817481
Zookeeper,decode,fixed,1,2.6593195137213415
Zookeeper,decode,fixed,2,2.974239174937339
Zookeeper,decode,fixed,3,3.443602931751614
Mac,decode,fixed,1,5.90821344022343
Mac,decode,fixed,2,6.152803724687107
Mac,decode,fixed,3,4.584822606740688
HealthApp,decode,fixed,1,8.715637768483441
HealthApp,decode,fixed,2,8.949397180473932
HealthApp,decode,fixed,3,11.45391344824437
HPC,decode,fixed,1,24.441148226520575
HPC,decode,fixed,2,22.659897291909
HPC,decode,fixed,3,33.248066456379014
Hadoop,decode,fixed,1,15.478955414135196
Hadoop,decode,fixed,2,15.451016808909362
Hadoop,decode,fixed,3,14.328003770478205
OpenStack,decode,fixed,1,18.40553914689241
OpenStack,decode,fixed,2,18.138376741840084
OpenStack,decode,fixed,3,17.03927457382311
OpenSSH,decode,fixed,1,12.451194142651277
OpenSSH,decode,fixed,2,12.213496706065202
OpenSSH,decode,fixed,3,12.538961974772826
Android,decode,fixed,1,17.816271026729417
Android,decode,fixed,2,17.63834894381464
Android,decode,fixed,3,17.9323086948479
BGL,decode,fixed,1,33.249351401900064
BGL,decode,fixed,2,33.11274495479702
BGL,decode,fixed,3,33.85777017787319
