stratum,sampled,confirmed,observed_precision,wilson_95_low,wilson_95_high
derived_view,64,64,1.0,0.9433759402071946,1.0
explicit_object_rendering,78,78,1.0,0.9530621902878059,1.0000000000000002
human_readable_format,50,50,1.0,0.9286524008666414,1.0
network_address_format,50,50,1.0,0.9286524008666414,1.0
numeric_layout_format,50,50,1.0,0.9286524008666414,1.0
radix_or_binary_encoding,51,51,1.0,0.9299533801014687,1.0
repeated_view,60,60,1.0,0.93982814785791,0.9999999999999998
structured_rendering,55,55,1.0,0.9347150988829137,1.0
temporal_format,50,50,1.0,0.9286524008666414,1.0
