dataset,method,trial,status,raw_bytes,archive_bytes,sha_pass,encode_process_wall_seconds,decode_process_wall_seconds,timing_kind,fallback_blocks
Linux,semzip,1,PASS,2349686,61085,True,3.801605924963951,1.3609575629234314,formal,0
Linux,semzip,2,PASS,2349686,61085,True,4.536700814962387,1.9499375969171524,formal,0
Linux,semzip,3,PASS,2349686,61085,True,4.48876017332077,1.9451828300952911,formal,0
Linux,delog,1,PASS,2349686,85140,True,1.3626958727836609,0.8917071968317032,formal,
Linux,delog,2,PASS,2349686,85140,True,1.2753500640392303,1.309847742319107,formal,
Linux,delog,3,PASS,2349686,85140,True,1.274332970380783,1.3006336390972137,formal,
Linux,loglite,1,PASS,2349686,124029,True,0.9392971694469452,0.6661228537559509,formal,
Linux,loglite,2,PASS,2349686,124029,True,1.2891153991222382,1.1323677450418472,formal,
Linux,loglite,3,PASS,2349686,124029,True,1.2042539417743683,1.0578067600727081,formal,
Linux,gzip6,1,PASS,2349686,231916,True,0.5753670483827591,0.5652374923229218,formal,
Linux,gzip6,2,PASS,2349686,231916,True,0.9176237732172012,0.9750096201896667,formal,
Linux,gzip6,3,PASS,2349686,231916,True,0.7803928852081299,0.8319942504167557,formal,
Linux,xz6,1,PASS,2349686,117636,True,1.1607635617256165,0.5793431103229523,formal,
Linux,xz6,2,PASS,2349686,117636,True,1.5126782059669495,1.0213389992713928,formal,
Linux,xz6,3,PASS,2349686,117636,True,1.3913277834653854,0.9433727413415909,formal,
Linux,zstd3,1,PASS,2349686,191936,True,0.6036230325698853,0.5934021919965744,formal,
Linux,zstd3,2,PASS,2349686,191936,True,1.5613431483507156,0.992339015007019,formal,
Linux,zstd3,3,PASS,2349686,191936,True,0.7170514762401581,0.8814796805381775,formal,
Proxifier,semzip,1,PASS,2541814,73553,True,4.4955887496471405,1.4981029778718948,formal,0
Proxifier,semzip,2,PASS,2541814,73553,True,5.331191912293434,2.5146829932928085,formal,0
Proxifier,semzip,3,PASS,2541814,73553,True,5.182621583342552,2.128568336367607,formal,0
Proxifier,delog,1,PASS,2541814,84180,True,0.9771526753902435,0.8640883266925812,formal,
Proxifier,delog,2,PASS,2541814,84180,True,1.3076350539922714,1.4457115679979324,formal,
Proxifier,delog,3,PASS,2541814,84180,True,1.2213072776794434,1.3911995142698288,formal,
Proxifier,loglite,1,PASS,2541814,151957,True,0.889535203576088,0.7107271552085876,formal,
Proxifier,loglite,2,PASS,2541814,151957,True,1.1586251109838486,1.2384982705116272,formal,
Proxifier,loglite,3,PASS,2541814,151957,True,1.1486540287733078,1.0869097113609314,formal,
Proxifier,gzip6,1,PASS,2541814,172192,True,0.5810175091028214,0.5559933930635452,formal,
Proxifier,gzip6,2,PASS,2541814,172192,True,0.876805379986763,1.065916731953621,formal,
Proxifier,gzip6,3,PASS,2541814,172192,True,0.6561125069856644,0.9719042330980301,formal,
Proxifier,xz6,1,PASS,2541814,120608,True,0.9746240377426147,0.5651620924472809,formal,
Proxifier,xz6,2,PASS,2541814,120608,True,1.3615664392709732,1.063490018248558,formal,
Proxifier,xz6,3,PASS,2541814,120608,True,1.2352212220430374,0.9887230545282364,formal,
Proxifier,zstd3,1,PASS,2541814,187045,True,0.5605503618717194,0.5589210987091064,formal,
Proxifier,zstd3,2,PASS,2541814,187045,True,0.9571053683757782,1.072244867682457,formal,
Proxifier,zstd3,3,PASS,2541814,187045,True,0.7163062393665314,0.9706593304872513,formal,
Apache,semzip,1,PASS,5135876,71282,True,4.434629485011101,1.4040589928627014,formal,0
Apache,semzip,2,PASS,5135876,71282,True,6.668939962983131,2.510910138487816,formal,0
Apache,semzip,3,PASS,5135876,71282,True,5.950905740261078,2.7505564838647842,formal,0
Apache,delog,1,PASS,5135876,85932,True,1.1113500893115997,0.865493506193161,formal,
Apache,delog,2,PASS,5135876,85932,True,1.6793007254600525,1.7397534996271133,formal,
Apache,delog,3,PASS,5135876,85932,True,1.835224375128746,1.6974736005067825,formal,
Apache,loglite,1,PASS,5135876,177981,True,1.066912978887558,0.7754423171281815,formal,
Apache,loglite,2,PASS,5135876,177981,True,1.647293969988823,1.1133959889411926,formal,
Apache,loglite,3,PASS,5135876,177981,True,1.5683326572179794,2.026143029332161,formal,
Apache,gzip6,1,PASS,5135876,262804,True,0.6196054369211197,0.566162183880806,formal,
Apache,gzip6,2,PASS,5135876,262804,True,1.1298467218875885,0.838814988732338,formal,
Apache,gzip6,3,PASS,5135876,262804,True,1.1830680072307587,0.797012060880661,formal,
Apache,xz6,1,PASS,5135876,180972,True,1.3596635460853577,0.6104156821966171,formal,
Apache,xz6,2,PASS,5135876,180972,True,1.9256479442119598,1.454516425728798,formal,
Apache,xz6,3,PASS,5135876,180972,True,2.0571397989988327,1.447751134634018,formal,
Apache,zstd3,1,PASS,5135876,272478,True,0.5709800124168396,0.531176283955574,formal,
Apache,zstd3,2,PASS,5135876,272478,True,0.7300364673137665,1.3600460588932037,formal,
Apache,zstd3,3,PASS,5135876,272478,True,1.1091259717941284,0.8955002129077911,formal,
Zookeeper,semzip,1,PASS,10426438,58249,True,11.84646487236023,2.7381235510110855,formal,0
Zookeeper,semzip,2,PASS,10426438,58249,True,13.687053173780441,3.7083596140146255,formal,0
Zookeeper,semzip,3,PASS,10426438,58249,True,13.877057611942291,3.4268056005239487,formal,0
Zookeeper,delog,1,PASS,10426438,66456,True,1.5532622635364532,1.0205156952142715,formal,
Zookeeper,delog,2,PASS,10426438,66456,True,2.0549104511737823,1.6048914641141891,formal,
Zookeeper,delog,3,PASS,10426438,66456,True,2.140765890479088,1.6597937047481537,formal,
Zookeeper,loglite,1,PASS,10426438,177621,True,1.1727665066719055,0.750062108039856,formal,
Zookeeper,loglite,2,PASS,10426438,177621,True,1.9032199084758759,1.5331982672214508,formal,
Zookeeper,loglite,3,PASS,10426438,177621,True,1.873542845249176,1.492402583360672,formal,
Zookeeper,gzip6,1,PASS,10426438,459781,True,0.6609051078557968,0.6121640205383301,formal,
Zookeeper,gzip6,2,PASS,10426438,459781,True,1.3199882358312607,0.7416765242815018,formal,
Zookeeper,gzip6,3,PASS,10426438,459781,True,1.245744749903679,0.7596562951803207,formal,
Zookeeper,xz6,1,PASS,10426438,351892,True,2.265354558825493,0.63606196641922,formal,
Zookeeper,xz6,2,PASS,10426438,351892,True,2.9149527698755264,1.3005428612232208,formal,
Zookeeper,xz6,3,PASS,10426438,351892,True,2.9135739505290985,1.256695881485939,formal,
Zookeeper,zstd3,1,PASS,10426438,452767,True,0.658814325928688,0.6302725523710251,formal,
Zookeeper,zstd3,2,PASS,10426438,452767,True,1.3074063062667847,0.6927812546491623,formal,
Zookeeper,zstd3,3,PASS,10426438,452767,True,1.1924232989549637,0.7235418260097504,formal,
Mac,semzip,1,PASS,16879552,344257,True,12.935920029878616,3.2367670238018036,formal,0
Mac,semzip,2,PASS,16879552,344257,True,14.623110920190811,3.9604514688253403,formal,0
Mac,semzip,3,PASS,16879552,344257,True,14.167594283819199,3.7765009701251984,formal,0
Mac,delog,1,PASS,16879552,381676,True,2.0376704186201096,1.17016239464283,formal,
Mac,delog,2,PASS,16879552,381676,True,2.7520666420459747,1.5375278443098068,formal,
Mac,delog,3,PASS,16879552,381676,True,2.69721657037735,1.5342827141284943,formal,
Mac,loglite,1,PASS,16879552,680270,True,1.8044120818376541,0.864514023065567,formal,
Mac,loglite,2,PASS,16879552,680270,True,2.5468386858701706,1.1131706535816193,formal,
Mac,loglite,3,PASS,16879552,680270,True,2.1109290570020676,1.0776537358760834,formal,
Mac,gzip6,1,PASS,16879552,1490626,True,0.7677919417619705,0.6618796736001968,formal,
Mac,gzip6,2,PASS,16879552,1490626,True,1.3560637533664703,0.8564294725656509,formal,
Mac,gzip6,3,PASS,16879552,1490626,True,1.2972385734319687,0.7696988433599472,formal,
Mac,xz6,1,PASS,16879552,707444,True,2.9328084886074066,0.7274087518453598,formal,
Mac,xz6,2,PASS,16879552,707444,True,3.308314949274063,1.1698064059019089,formal,
Mac,xz6,3,PASS,16879552,707444,True,3.2703518718481064,1.145046666264534,formal,
Mac,zstd3,1,PASS,16879552,995882,True,0.696511760354042,0.651226282119751,formal,
Mac,zstd3,2,PASS,16879552,995882,True,0.804542288184166,1.0253726691007614,formal,
Mac,zstd3,3,PASS,16879552,995882,True,0.902263268828392,1.0587389022111893,formal,
HealthApp,semzip,1,PASS,23529930,611393,True,5.843589156866074,1.762834295630455,formal,0
HealthApp,semzip,2,PASS,23529930,611393,True,6.602666482329369,2.2453087717294693,formal,0
HealthApp,semzip,3,PASS,23529930,611393,True,6.559251755475998,2.221030741930008,formal,0
HealthApp,delog,1,PASS,23529930,457764,True,1.6174710094928741,1.148373857140541,formal,
HealthApp,delog,2,PASS,23529930,457764,True,1.9385787099599838,1.3999417871236801,formal,
HealthApp,delog,3,PASS,23529930,457764,True,1.9525338560342789,1.4243763089179993,formal,
HealthApp,loglite,1,PASS,23529930,1420599,True,1.687002494931221,0.9222117364406586,formal,
HealthApp,loglite,2,PASS,23529930,1420599,True,2.105269655585289,1.2532295435667038,formal,
HealthApp,loglite,3,PASS,23529930,1420599,True,2.0784299820661545,1.294378474354744,formal,
HealthApp,gzip6,1,PASS,23529930,2297301,True,0.854234516620636,0.6648576557636261,formal,
HealthApp,gzip6,2,PASS,23529930,2297301,True,1.1445912718772888,0.7852291464805603,formal,
HealthApp,gzip6,3,PASS,23529930,2297301,True,1.3702954649925232,0.7828548550605774,formal,
HealthApp,xz6,1,PASS,23529930,1486284,True,3.5726184993982315,0.7273098677396774,formal,
HealthApp,xz6,2,PASS,23529930,1486284,True,3.9314556270837784,1.1418333053588867,formal,
HealthApp,xz6,3,PASS,23529930,1486284,True,3.757352039217949,1.0290495604276657,formal,
HealthApp,zstd3,1,PASS,23529930,2372463,True,0.6682385057210922,0.6549091637134552,formal,
HealthApp,zstd3,2,PASS,23529930,2372463,True,1.184852659702301,0.7883737534284592,formal,
HealthApp,zstd3,3,PASS,23529930,2372463,True,1.0855958759784698,0.788886547088623,formal,
HPC,semzip,1,PASS,33553503,1061055,True,11.441233068704605,2.9848463982343674,formal,0
HPC,semzip,2,PASS,33553503,1061055,True,12.409426257014275,3.290915235877037,formal,0
HPC,semzip,3,PASS,33553503,1061055,True,12.395266696810722,3.520977184176445,formal,0
HPC,delog,1,PASS,33553503,750604,True,2.1598746329545975,1.5778397619724274,formal,
HPC,delog,2,PASS,33553503,750604,True,2.566348761320114,1.795979917049408,formal,
HPC,delog,3,PASS,33553503,750604,True,2.7030748277902603,1.7434869557619095,formal,
HPC,loglite,1,PASS,33553503,1667169,True,2.111460119485855,1.2894402295351028,formal,
HPC,loglite,2,PASS,33553503,1667169,True,2.359120547771454,1.4351370185613632,formal,
HPC,loglite,3,PASS,33553503,1667169,True,2.364152267575264,1.5484088212251663,formal,
HPC,gzip6,1,PASS,33553503,3290895,True,1.2234528809785843,0.7756093740463257,formal,
HPC,gzip6,2,PASS,33553503,3290895,True,1.3653520494699478,0.9030063152313232,formal,
HPC,gzip6,3,PASS,33553503,3290895,True,1.1624800562858582,1.1351294964551926,formal,
HPC,xz6,1,PASS,33553503,1693708,True,4.599766299128532,0.9496475905179977,formal,
HPC,xz6,2,PASS,33553503,1693708,True,5.171304747462273,1.274682655930519,formal,
HPC,xz6,3,PASS,33553503,1693708,True,5.233923211693764,1.17433200776577,formal,
HPC,zstd3,1,PASS,33553503,3428677,True,0.7983032912015915,0.7673716843128204,formal,
HPC,zstd3,2,PASS,33553503,3428677,True,1.337784767150879,1.0847867578268051,formal,
HPC,zstd3,3,PASS,33553503,3428677,True,0.9672847390174866,0.9277143031358719,formal,
Hadoop,semzip,1,PASS,48595595,574908,True,16.491196498274803,3.83758008480072,formal,0
Hadoop,semzip,2,PASS,48595595,574908,True,16.67253988981247,3.949565276503563,formal,0
Hadoop,semzip,3,PASS,48595595,574908,True,16.50296413898468,3.882192015647888,formal,0
Hadoop,delog,1,PASS,48595595,602948,True,2.1068285703659058,1.160748228430748,formal,
Hadoop,delog,2,PASS,48595595,602948,True,2.422683909535408,1.4619444906711578,formal,
Hadoop,delog,3,PASS,48595595,602948,True,2.2963953614234924,1.4951752722263336,formal,
Hadoop,loglite,1,PASS,48595595,1309820,True,2.508874610066414,0.9820929318666458,formal,
Hadoop,loglite,2,PASS,48595595,1309820,True,2.3904647678136826,1.1546744406223297,formal,
Hadoop,loglite,3,PASS,48595595,1309820,True,2.2567989975214005,1.062263160943985,formal,
Hadoop,gzip6,1,PASS,48595595,2531227,True,0.9941434860229492,0.833238273859024,formal,
Hadoop,gzip6,2,PASS,48595595,2531227,True,1.146158829331398,1.0573293417692184,formal,
Hadoop,gzip6,3,PASS,48595595,2531227,True,1.2933981269598007,0.9040251523256302,formal,
Hadoop,xz6,1,PASS,48595595,1290496,True,3.3601433634757996,0.938392162322998,formal,
Hadoop,xz6,2,PASS,48595595,1290496,True,3.598514571785927,1.1012336611747742,formal,
Hadoop,xz6,3,PASS,48595595,1290496,True,3.6655330061912537,1.0905750542879105,formal,
Hadoop,zstd3,1,PASS,48595595,1857124,True,0.8718019872903824,0.8282834440469742,formal,
Hadoop,zstd3,2,PASS,48595595,1857124,True,1.2149868458509445,0.8767961114645004,formal,
Hadoop,zstd3,3,PASS,48595595,1857124,True,1.1894732564687729,1.0126768946647644,formal,
OpenStack,semzip,1,PASS,61442082,2447417,True,27.545737698674202,4.476996585726738,formal,0
OpenStack,semzip,2,PASS,61442082,2447417,True,27.48263917863369,4.682631388306618,formal,0
OpenStack,semzip,3,PASS,61442082,2447417,True,26.408589974045753,4.764173686504364,formal,0
OpenStack,delog,1,PASS,61442082,2831008,True,5.5855119824409485,1.6325677186250687,formal,
OpenStack,delog,2,PASS,61442082,2831008,True,5.517710596323013,1.8296925723552704,formal,
OpenStack,delog,3,PASS,61442082,2831008,True,5.418918401002884,2.122930184006691,formal,
OpenStack,loglite,1,PASS,61442082,3746859,True,4.674727246165276,1.2961211502552032,formal,
OpenStack,loglite,2,PASS,61442082,3746859,True,4.3535312712192535,1.7683743983507156,formal,
OpenStack,loglite,3,PASS,61442082,3746859,True,4.0952920615673065,1.5977726876735687,formal,
OpenStack,gzip6,1,PASS,61442082,5395973,True,1.8120280057191849,0.8396792709827423,formal,
OpenStack,gzip6,2,PASS,61442082,5395973,True,1.2672146558761597,1.0874481350183487,formal,
OpenStack,gzip6,3,PASS,61442082,5395973,True,1.4903145879507065,1.0630174279212952,formal,
OpenStack,xz6,1,PASS,61442082,3925064,True,8.0652866512537,1.3729680478572845,formal,
OpenStack,xz6,2,PASS,61442082,3925064,True,8.042820915579796,1.6140427589416504,formal,
OpenStack,xz6,3,PASS,61442082,3925064,True,7.6844849437475204,1.4818605929613113,formal,
OpenStack,zstd3,1,PASS,61442082,5059821,True,1.74006088078022,1.1256945580244064,formal,
OpenStack,zstd3,2,PASS,61442082,5059821,True,1.3424763679504395,0.9298062175512314,formal,
OpenStack,zstd3,3,PASS,61442082,5059821,True,1.1621896922588348,1.178151696920395,formal,
OpenSSH,semzip,1,PASS,73417506,636527,True,34.418418139219284,6.2449135184288025,formal,0
OpenSSH,semzip,2,PASS,73417506,636527,True,34.293666303157806,6.363277956843376,formal,0
OpenSSH,semzip,3,PASS,73417506,636527,True,34.46498176455498,6.718693822622299,formal,0
OpenSSH,delog,1,PASS,73417506,681308,True,3.2320511639118195,1.9054065495729446,formal,
OpenSSH,delog,2,PASS,73417506,681308,True,2.8173027634620667,1.886123925447464,formal,
OpenSSH,delog,3,PASS,73417506,681308,True,3.0883532017469406,1.9930388033390045,formal,
OpenSSH,loglite,1,PASS,73417506,2173771,True,2.783777594566345,1.571982055902481,formal,
OpenSSH,loglite,2,PASS,73417506,2173771,True,2.8017051815986633,1.6262723207473755,formal,
OpenSSH,loglite,3,PASS,73417506,2173771,True,2.961731806397438,1.7373240441083908,formal,
OpenSSH,gzip6,1,PASS,73417506,4596730,True,1.5139841139316559,1.0419892370700836,formal,
OpenSSH,gzip6,2,PASS,73417506,4596730,True,1.163394257426262,1.0547093749046326,formal,
OpenSSH,gzip6,3,PASS,73417506,4596730,True,1.2477078437805176,1.1360994428396225,formal,
OpenSSH,xz6,1,PASS,73417506,3391404,True,6.905084058642387,1.3056085109710693,formal,
OpenSSH,xz6,2,PASS,73417506,3391404,True,6.327138468623161,1.203214406967163,formal,
OpenSSH,xz6,3,PASS,73417506,3391404,True,6.71224208176136,1.365261510014534,formal,
OpenSSH,zstd3,1,PASS,73417506,5127161,True,1.4421278834342957,0.934499204158783,formal,
OpenSSH,zstd3,2,PASS,73417506,5127161,True,1.0968784391880035,1.141885906457901,formal,
OpenSSH,zstd3,3,PASS,73417506,5127161,True,1.057995468378067,1.2067362517118454,formal,
Android,semzip,1,PASS,192270829,5565846,True,30.27351823449135,6.477050706744194,formal,0
Android,semzip,2,PASS,192270829,5565846,True,29.404953435063362,6.370312884449959,formal,0
Android,semzip,3,PASS,192270829,5565846,True,30.28461554646492,6.831915512681007,formal,0
Android,delog,1,PASS,192270829,6564784,True,8.339050576090813,3.931686982512474,formal,
Android,delog,2,PASS,192270829,6564784,True,7.350269243121147,3.8351686596870422,formal,
Android,delog,3,PASS,192270829,6564784,True,7.591379210352898,4.007124572992325,formal,
Android,loglite,1,PASS,192270829,11395252,True,10.820092156529427,3.317429170012474,formal,
Android,loglite,2,PASS,192270829,11395252,True,8.831983372569084,3.1556877493858337,formal,
Android,loglite,3,PASS,192270829,11395252,True,9.49241928756237,3.1020582616329193,formal,
Android,gzip6,1,PASS,192270829,25717765,True,2.6023860424757004,1.5489116162061691,formal,
Android,gzip6,2,PASS,192270829,25717765,True,2.28991961479187,1.714161992073059,formal,
Android,gzip6,3,PASS,192270829,25717765,True,2.3188756555318832,1.7734739482402802,formal,
Android,xz6,1,PASS,192270829,9925016,True,12.338706240057945,1.808867633342743,formal,
Android,xz6,2,PASS,192270829,9925016,True,12.041220396757126,1.856188878417015,formal,
Android,xz6,3,PASS,192270829,9925016,True,12.111534103751183,1.9377020001411438,formal,
Android,zstd3,1,PASS,192270829,15310801,True,2.2510735392570496,1.4185722023248672,formal,
Android,zstd3,2,PASS,192270829,15310801,True,1.686643809080124,1.6534495055675507,formal,
Android,zstd3,3,PASS,192270829,15310801,True,1.9579378217458725,1.6383253633975983,formal,
BGL,semzip,1,PASS,743185031,18304958,True,128.32539488375187,18.498144045472145,formal,0
BGL,semzip,2,PASS,743185031,18304958,True,127.89052322506905,18.77053429186344,formal,0
BGL,semzip,3,PASS,743185031,18304958,True,128.91715429723263,19.01303569972515,formal,0
BGL,delog,1,PASS,743185031,18428912,True,24.773427084088326,10.411951437592506,formal,
BGL,delog,2,PASS,743185031,18428912,True,25.564237788319588,10.731739193201065,formal,
BGL,delog,3,PASS,743185031,18428912,True,24.841893762350082,10.37106241285801,formal,
BGL,loglite,1,PASS,743185031,30767804,True,23.07682766020298,8.044136747717857,formal,
BGL,loglite,2,PASS,743185031,30767804,True,23.86790695786476,8.647911623120308,formal,
BGL,loglite,3,PASS,743185031,30767804,True,22.8830449283123,8.13322365283966,formal,
BGL,gzip6,1,PASS,743185031,62939897,True,7.361920028924942,4.10212829709053,formal,
BGL,gzip6,2,PASS,743185031,62939897,True,7.407118514180183,4.2140295803546906,formal,
BGL,gzip6,3,PASS,743185031,62939897,True,6.8446207493543625,4.328555271029472,formal,
BGL,xz6,1,PASS,743185031,33700312,True,67.48145492374897,5.208082482218742,formal,
BGL,xz6,2,PASS,743185031,33700312,True,69.37751388549805,5.283783718943596,formal,
BGL,xz6,3,PASS,743185031,33700312,True,64.84320922195911,5.227376639842987,formal,
BGL,zstd3,1,PASS,743185031,70285108,True,5.052308633923531,4.161856070160866,formal,
BGL,zstd3,2,PASS,743185031,70285108,True,4.6718407571315765,4.66797336935997,formal,
BGL,zstd3,3,PASS,743185031,70285108,True,4.3493020832538605,4.085197567939758,formal,
