dataset,method,status,raw_bytes,archive_bytes,ratio,blocks
Linux,semzip,PASS,2349686,61085,38.46584267823525,1
Linux,delog,PASS,2349686,85140,27.597909325816303,1
Linux,loglite,PASS,2349686,124029,18.944650041522547,1
Linux,gzip6,PASS,2349686,231916,10.131625243622691,1
Linux,xz6,PASS,2349686,117636,19.974208575606106,1
Linux,zstd3,PASS,2349686,191936,12.242028592864289,1
Proxifier,semzip,PASS,2541814,73553,34.55758432694792,1
Proxifier,delog,PASS,2541814,84180,30.194986932763126,1
Proxifier,loglite,PASS,2541814,151957,16.727192561053457,1
Proxifier,gzip6,PASS,2541814,172192,14.761510406987549,1
Proxifier,xz6,PASS,2541814,120608,21.075003316529582,1
Proxifier,zstd3,PASS,2541814,187045,13.58931807853725,1
Apache,semzip,PASS,5135876,71282,72.05011082741787,1
Apache,delog,PASS,5135876,85932,59.766745799003864,1
Apache,loglite,PASS,5135876,177981,28.856316123631174,1
Apache,gzip6,PASS,5135876,262804,19.54260970152661,1
Apache,xz6,PASS,5135876,180972,28.379395707623278,1
Apache,zstd3,PASS,5135876,272478,18.848773111957662,1
Zookeeper,semzip,PASS,10426438,58249,178.9977166989991,1
Zookeeper,delog,PASS,10426438,66456,156.8923498254484,1
Zookeeper,loglite,PASS,10426438,177621,58.70048023600813,1
Zookeeper,gzip6,PASS,10426438,459781,22.676965772835327,1
Zookeeper,xz6,PASS,10426438,351892,29.629653416389118,1
Zookeeper,zstd3,PASS,10426438,452767,23.028263985670336,1
Mac,semzip,PASS,16879552,344257,49.03183377534807,2
Mac,delog,PASS,16879552,381676,44.22481895639233,2
Mac,loglite,PASS,16879552,680270,24.813018360356917,2
Mac,gzip6,PASS,16879552,1490626,11.323800872921847,2
Mac,xz6,PASS,16879552,707444,23.859912586720647,2
Mac,zstd3,PASS,16879552,995882,16.94934942091533,2
HealthApp,semzip,PASS,23529930,611393,38.48576938237762,3
HealthApp,delog,PASS,23529930,457764,51.401879571132724,3
HealthApp,loglite,PASS,23529930,1420599,16.563386289867864,3
HealthApp,gzip6,PASS,23529930,2297301,10.242423609270183,3
HealthApp,xz6,PASS,23529930,1486284,15.83138215845693,3
HealthApp,zstd3,PASS,23529930,2372463,9.91793338821301,3
HPC,semzip,PASS,33553503,1061055,31.622774502735485,5
HPC,delog,PASS,33553503,750604,44.702003986123174,5
HPC,loglite,PASS,33553503,1667169,20.12603581280602,5
HPC,gzip6,PASS,33553503,3290895,10.195859485033706,5
HPC,xz6,PASS,33553503,1693708,19.810677519383507,5
HPC,zstd3,PASS,33553503,3428677,9.786137043530202,5
Hadoop,semzip,PASS,48595595,574908,84.52760267729793,4
Hadoop,delog,PASS,48595595,602948,80.59666007682254,4
Hadoop,loglite,PASS,48595595,1309820,37.10097188926723,4
Hadoop,gzip6,PASS,48595595,2531227,19.198434198118147,4
Hadoop,xz6,PASS,48595595,1290496,37.65652508802817,4
Hadoop,zstd3,PASS,48595595,1857124,26.167124543110745,4
OpenStack,semzip,PASS,61442082,2447417,25.104868520566786,3
OpenStack,delog,PASS,61442082,2831008,21.70325269303372,3
OpenStack,loglite,PASS,61442082,3746859,16.398290408045778,3
OpenStack,gzip6,PASS,61442082,5395973,11.386654825737638,3
OpenStack,xz6,PASS,61442082,3925064,15.65377838425055,3
OpenStack,zstd3,PASS,61442082,5059821,12.143133521917079,3
OpenSSH,semzip,PASS,73417506,636527,115.34075695139406,7
OpenSSH,delog,PASS,73417506,681308,107.75964174793192,7
OpenSSH,loglite,PASS,73417506,2173771,33.774259570120314,7
OpenSSH,gzip6,PASS,73417506,4596730,15.971681173355842,7
OpenSSH,xz6,PASS,73417506,3391404,21.64811564767866,7
OpenSSH,zstd3,PASS,73417506,5127161,14.319329157013014,7
Android,semzip,PASS,192270829,5565846,34.54476264704413,16
Android,delog,PASS,192270829,6564784,29.288218622273025,16
Android,loglite,PASS,192270829,11395252,16.872889603494507,16
Android,gzip6,PASS,192270829,25717765,7.476187335874638,16
Android,xz6,PASS,192270829,9925016,19.37234448790813,16
Android,zstd3,PASS,192270829,15310801,12.557855660197008,16
BGL,semzip,PASS,743185031,18304958,40.60020410863549,48
BGL,delog,PASS,743185031,18428912,40.327124628952596,48
BGL,loglite,PASS,743185031,30767804,24.154633557858077,48
BGL,gzip6,PASS,743185031,62939897,11.807852672526616,48
BGL,xz6,PASS,743185031,33700312,22.052764110907933,48
BGL,zstd3,PASS,743185031,70285108,10.573861976565505,48
HDFS,semzip,PASS,1577982906,58012072,27.200940280154104,112
HDFS,delog,PASS,1577982906,52898088,29.830622724965032,112
HDFS,loglite,PASS,1577982906,124571784,12.667257827823995,112
HDFS,gzip6,PASS,1577982906,155729929,10.132817218455163,112
HDFS,xz6,PASS,1577982906,100965828,15.628880951681989,112
HDFS,zstd3,PASS,1577982906,153595624,10.273618902059345,112
Spark,semzip,PASS,2941224304,52334595,56.200383398400234,333
Spark,delog,PASS,2941224304,49805988,59.05362833079428,333
Spark,loglite,PASS,2941224304,79450009,37.01981083476026,333
Spark,gzip6,PASS,2941224304,183444090,16.033355470868536,333
Spark,xz6,PASS,2941224304,127479660,23.072106593318495,333
Spark,zstd3,PASS,2941224304,192937544,15.244437360517038,333
Windows,semzip,PASS,28012696901,52843742,530.104338579959,1147
Windows,delog,PASS,28012696901,52244728,536.1822708886531,1147
Windows,loglite,PASS,28012696901,93242803,300.42744318829625,1147
Windows,gzip6,PASS,28012696901,1670558625,16.768460850034522,1147
Windows,xz6,PASS,28012696901,128613372,217.80547749731653,1147
Windows,zstd3,PASS,28012696901,191939206,145.94567459552792,1147
Thunderbird,semzip,PASS,31788301041,491672374,64.65342110313483,2113
Thunderbird,delog,PASS,31788301041,469712868,67.67602764717104,2113
Thunderbird,loglite,PASS,31788301041,799163025,39.77699173582261,2113
Thunderbird,gzip6,PASS,31788301041,2017676108,15.754907794645899,2113
Thunderbird,xz6,PASS,31788301041,1113970476,28.536035492739575,2113
Thunderbird,zstd3,PASS,31788301041,1688621662,18.824998965931776,2113
