dataset,status,measurement_mode,blocks,raw_bytes,archive_bytes,projected_archive_bytes,compression_ratio,online_encode_mbps,workers,sha_status,estimate_basis
Android,MEASURED,frozen_plan_controlled,16,192270829,5836021,,32.9455341233,6.9077,8,PASS,strict_v6_artifact
Apache,MEASURED,cold_start_provenance,1,5135876,69845,,73.5324790608,1.4291,8,PASS,strict_v6_artifact
BGL,MEASURED,cold_start_provenance,48,743185031,21123409,,35.1830062562,13.9141,8,PASS,strict_v6_artifact
Hadoop,ESTIMATED,historical_semzip_projection,4,48596573,,545600,89.07,1.91,8,PENDING,nearest_historical_semzip_run_not_v6
HDFS,MEASURED,frozen_plan_controlled,112,1577982906,50813755,,31.0542471423,18.7070,8,PASS,strict_v6_artifact
HealthApp,MEASURED,cold_start_provenance,3,23529930,611304,,38.4913725413,4.4082,8,PASS,strict_v6_artifact
HPC,MEASURED,cold_start_provenance,5,33553503,733606,,45.7377706834,9.2109,8,PASS,strict_v6_artifact
Linux,MEASURED,cold_start_provenance,1,2349686,57656,,40.7535382267,0.9175,8,PASS,strict_v6_artifact
Mac,MEASURED,cold_start_provenance,2,16879552,347408,,48.5871137107,1.3716,8,PASS,strict_v6_artifact
OpenSSH,MEASURED,frozen_plan_controlled,7,73417506,623570,,117.7373927546,3.8741,8,PASS,strict_v6_artifact
OpenStack,ESTIMATED,historical_semzip_projection,3,61442082,,2934197,20.94,1.13,8,PENDING,nearest_historical_semzip_run_not_v6
Proxifier,MEASURED,cold_start_provenance,1,2541814,71880,,35.3619087368,0.8097,8,PASS,strict_v6_artifact
Spark,ESTIMATED,planning_projection,165,2718604288,,26461011,102.74,3.71,8,PENDING,legacy_planning_placeholder_not_measured
Thunderbird,ESTIMATED,planning_projection,211,3245907612,,49806776,65.17,2.71,8,PENDING,legacy_planning_placeholder_not_measured
Windows,ESTIMATED,planning_projection,114,2038415872,,39298552,51.87,3.46,8,PENDING,legacy_planning_placeholder_not_measured
Zookeeper,MEASURED,cold_start_provenance,1,10426438,60036,,173.6697648078,0.9723,8,PASS,strict_v6_artifact
