dataset,measurement_mode,blocks,raw_bytes,archive_bytes,compression_ratio,online_encode_mbps,workers,all_blocks_restored,full_sha256,evidence
Android,frozen_plan_controlled,16,192270829,5836021,32.9455341233,6.9077,8,true,true,semzip_delog_admission_diagnosis_20260718
Apache,cold_start_provenance,1,5135876,69845,73.5324790608,1.4291,8,true,true,semzip_v6_main_batch1_provenance_20260718
BGL,cold_start_provenance,48,743185031,21123409,35.1830062562,13.9141,8,true,true,semzip_v6_main_batch2_provenance_20260718
HDFS,frozen_plan_controlled,112,1577982906,50813755,31.0542471423,18.7070,8,true,true,semzip_delog_more3_20260718
HealthApp,cold_start_provenance,3,23529930,611304,38.4913725413,4.4082,8,true,true,semzip_v6_main_batch2_provenance_20260718
HPC,cold_start_provenance,5,33553503,733606,45.7377706834,9.2109,8,true,true,semzip_v6_main_batch2_provenance_20260718
Linux,cold_start_provenance,1,2349686,57656,40.7535382267,0.9175,8,true,true,semzip_v6_main_batch1_provenance_20260718
Mac,cold_start_provenance,2,16879552,347408,48.5871137107,1.3716,8,true,true,semzip_v6_main_batch2_provenance_20260718
OpenSSH,frozen_plan_controlled,7,73417506,623570,117.7373927546,3.8741,8,true,true,semzip_delog_admission_diagnosis_20260718
Proxifier,cold_start_provenance,1,2541814,71880,35.3619087368,0.8097,8,true,true,semzip_v6_main_batch1_provenance_20260718
Zookeeper,cold_start_provenance,1,10426438,60036,173.6697648078,0.9723,8,true,true,semzip_v6_main_batch1_provenance_20260718
