dataset,family_id,representation_class,recovery_semantics,codec,occurrences,surface_bytes,raw_span_stream_bytes,latent_stream_bytes,surface_to_latent,source_file,source_lines,revision
Spark,spark_log4j_timestamp,layout_rendering,exact_rendering_state,datetime_yy_seconds,27410250,465974250,493384500,27419706,16.99413735508324,core/src/main/resources/org/apache/spark/log4j-defaults.properties,22-23,267aca5bd5042303a718d10635bc0d1a1596853f
Spark,spark_memory_estimated_size,format_expansion,minimal_rendering_state_due_to_source_rounding,scaled_decimal_unit,1838766,11231446,13070212,4028914,2.7877105344020747,core/src/main/scala/org/apache/spark/storage/memory/MemoryStore.scala,"155-156, 387-389",267aca5bd5042303a718d10635bc0d1a1596853f
Spark,spark_memory_free_size,derived_view,minimal_rendering_state_due_to_source_rounding,scaled_decimal_unit,1838766,12890708,14729474,3844287,3.3532116618764416,core/src/main/scala/org/apache/spark/storage/memory/MemoryStore.scala,"155-156, 387-389",267aca5bd5042303a718d10635bc0d1a1596853f
Spark,spark_memory_values_estimated_size,format_expansion,minimal_rendering_state_due_to_source_rounding,scaled_decimal_unit,517416,3531701,4049117,1060868,3.3290673297714704,core/src/main/scala/org/apache/spark/storage/memory/MemoryStore.scala,272-273,267aca5bd5042303a718d10635bc0d1a1596853f
Spark,spark_memory_values_free_size,derived_view,minimal_rendering_state_due_to_source_rounding,scaled_decimal_unit,517416,3544522,4061938,1192563,2.97218847138474,core/src/main/scala/org/apache/spark/storage/memory/MemoryStore.scala,272-273,267aca5bd5042303a718d10635bc0d1a1596853f
Spark,spark_memory_store_capacity,format_expansion,minimal_rendering_state_due_to_source_rounding,scaled_decimal_unit,3445,23829,27274,6901,3.452977829300101,core/src/main/scala/org/apache/spark/storage/MemoryStore.scala,62-71,4062cda3087ae42c6c3cb24508fc1d3a931accdf
Spark,spark_block_added_size,format_expansion,minimal_rendering_state_due_to_source_rounding,scaled_decimal_unit,29971,182393,212364,61633,2.959339963980335,core/src/main/scala/org/apache/spark/storage/BlockManagerMasterEndpoint.scala,470-476,4062cda3087ae42c6c3cb24508fc1d3a931accdf
Spark,spark_block_added_free,derived_view,minimal_rendering_state_due_to_source_rounding,scaled_decimal_unit,29971,188662,218633,60888,3.09850873735383,core/src/main/scala/org/apache/spark/storage/BlockManagerMasterEndpoint.scala,470-476,4062cda3087ae42c6c3cb24508fc1d3a931accdf
Spark,spark_block_removed_size,format_expansion,minimal_rendering_state_due_to_source_rounding,scaled_decimal_unit,27196,164310,191506,54641,3.007082593656778,core/src/main/scala/org/apache/spark/storage/BlockManagerMasterEndpoint.scala,493-501,4062cda3087ae42c6c3cb24508fc1d3a931accdf
Spark,spark_block_removed_free,derived_view,minimal_rendering_state_due_to_source_rounding,scaled_decimal_unit,27196,169757,196953,55406,3.063873948669819,core/src/main/scala/org/apache/spark/storage/BlockManagerMasterEndpoint.scala,493-501,4062cda3087ae42c6c3cb24508fc1d3a931accdf
Spark,spark_registered_ram,format_expansion,minimal_rendering_state_due_to_source_rounding,scaled_decimal_unit,157,1070,1227,319,3.35423197492163,core/src/main/scala/org/apache/spark/storage/BlockManagerMasterEndpoint.scala,312-313,4062cda3087ae42c6c3cb24508fc1d3a931accdf
Zookeeper,zookeeper_log4j_timestamp,layout_rendering,exact_rendering_state,datetime_iso_millis,74380,1710740,1785120,84566,20.22964311898399,conf/log4j.properties,"30-31, 45-46",f1c2e3ad35128d766e30e05350c95d6362b2d2cc
Zookeeper,zookeeper_notification_hex,format_expansion,exact_runtime_attribute,hex_integer,1515,8145,9660,7236,1.1256218905472637,src/java/main/org/apache/zookeeper/server/quorum/FastLeaderElection.java,541-547,f1c2e3ad35128d766e30e05350c95d6362b2d2cc
Zookeeper,zookeeper_received_endpoint,object_rendering,exact_runtime_attribute,ipv4_endpoint,10429,187722,198151,73003,2.5714285714285716,src/java/main/org/apache/zookeeper/server/quorum/QuorumCnxManager.java,493-494,f1c2e3ad35128d766e30e05350c95d6362b2d2cc
Zookeeper,zookeeper_established_session_hex,format_expansion,exact_runtime_attribute,hex_integer,1856,31552,33408,3967,7.953617343080413,src/java/main/org/apache/zookeeper/server/ZooKeeperServer.java,595-599,f1c2e3ad35128d766e30e05350c95d6362b2d2cc
Zookeeper,zookeeper_established_session_endpoint,object_rendering,exact_runtime_attribute,ipv4_endpoint,1856,33408,35264,12992,2.5714285714285716,src/java/main/org/apache/zookeeper/server/ZooKeeperServer.java,595-599,f1c2e3ad35128d766e30e05350c95d6362b2d2cc
OpenStack,openstack_oslo_timestamp,layout_rendering,exact_rendering_state,datetime_iso_millis_dot,104086,2393978,2498064,162553,14.72736891967543,oslo_log/_options.py,"17, 107-114",92f87422ad1f013b96ffdca51e6dad1737e9905f
OpenStack,openstack_resource_memory,unit_context,exact_runtime_attribute,integer_unit,3478,22225,25703,13912,1.597541690626797,nova/compute/resource_tracker.py,694-710,ff369899749ac3e21ed0174b40e948c78c2dc1fa
OpenStack,openstack_resource_disk,unit_context,exact_runtime_attribute,integer_unit,3478,13530,17008,6956,1.945083381253594,nova/compute/resource_tracker.py,694-710,ff369899749ac3e21ed0174b40e948c78c2dc1fa
OpenSSH,openssh_auth_remote_ipv4,object_rendering,exact_runtime_attribute,ipv4,198201,2674157,2872358,792804,3.3730367152537073,auth.c,297-307,c88ac102f0eb89f2eaa314cb2e2e0ca3c890c443
OpenSSH,openssh_invalid_user_ipv4,object_rendering,exact_runtime_attribute,ipv4,14594,193789,208383,58376,3.3196690420720842,auth.c,642-643,c88ac102f0eb89f2eaa314cb2e2e0ca3c890c443
OpenSSH,openssh_connection_closed_ipv4,object_rendering,exact_runtime_attribute,ipv4,68958,985245,1054203,275832,3.5719024623683984,serverloop.c,407-408,c88ac102f0eb89f2eaa314cb2e2e0ca3c890c443
OpenSSH,openssh_reverse_mapping_ipv4,object_rendering,exact_runtime_attribute,ipv4,18909,261565,280474,75636,3.458207731767941,canohost.c,117-118,c88ac102f0eb89f2eaa314cb2e2e0ca3c890c443
